long_id,otu_id,library,nhm_id,well,tag_id,tag,species,dna_code,other_nhm_id,region,population,lat,lat_d,lat_M,lat_dd,hem1,lon,lon_d,lon_M,lon_dd,hem2,depth,depth_avg,dna_nandrop,dna_qubit,mpa,obs
CC_GBC579_NFE_17,A03_2,2,,,,,,,,,,,,,,,,,,,,,,,,,
CC_GBC580_TM_16,H02_1_2,2,,,,,,,,,,,,,,,,,,,,,,,,,
CC_GBC583_TM_20,D03_1_2,2,,,,,,,,,,,,,,,,,,,,,,,,,
CC_GBC585_NFE_19,C03_2,2,,,,,,,,,,,,,,,,,,,,,,,,,
Gb_BS_imp_18R6_s_38,F05_1,1,S6 Trawl Gb 7,F05,Teleo02_F_35,agctacag,Gb,18R6,S6 Trawl Gb 7 18R6,Barents Sea,BS-impacted,71.587967,,,71.587967,N,21.375333,,,21.375333,E,333,333,NA,408,,
Gb_BS_imp_9I4_s_39,G05_1,1,S6 Trawl Gb 2,G05,Teleo02_F_34,acagctcg,Gb,9I4,S6 Trawl Gb 2 9I4,Barents Sea,BS-impacted,71.587967,,,71.587967,N,21.375333,,,21.375333,E,333,333,NA,350,,
Gb_Can_M_Trip8_75.1_d_69,E09_2,2,Gbarr_NAFO_PAA2016008_Trip8_75.1,E09,Teleo02_F_68,aggcacac,Gb,,Gbarr_NAFO_PAA2016008_Trip8_75.1 ,Arctic NAFO 0A_0B (close to Paamiut),,66.80795,,,66.80795,N,-58.667383,,,-58.667383,W,903,903,NA,,,
Gb_Can_M_Trip8_75.2_d_70,F09_2,2,Gbarr_NAFO_PAA2016008_Trip8_75.2,F09,Teleo02_F_67,taacgaga,Gb,,Gbarr_NAFO_PAA2016008_Trip8_75.2 ,Arctic NAFO 0A_0B (close to Paamiut),,66.80795,,,66.80795,N,-58.667383,,,-58.667383,W,903,903,NA,,,
Gb_Can_M_Trip8_75.3_d_71,G09_2,2,Gbarr_NAFO_PAA2016008_Trip8_75.3,G09,Teleo02_F_66,ttaataag,Gb,,Gbarr_NAFO_PAA2016008_Trip8_75.3 ,Arctic NAFO 0A_0B (close to Paamiut),,66.80795,,,66.80795,N,-58.667383,,,-58.667383,W,903,903,NA,,,
Gb_Can_S_15O6_d_75,C10_2,2,PAA2014007125278,C10,Teleo02_F_78,atgctcca,Gb,15O6,PAA2014007125278 15O6,Davis Strait,DS-deep,62.5184,,,62.5184,N,-59.970517,,,-59.970517,W,1332,1332,NA,300,,
Gb_Can_S_16P6_s_55,G07_1,1,PAA2014007138334,G07,Teleo02_F_50,taggtgcc,Gb,16P6,PAA2014007138334 16P6,Davis Strait,DS-shallow,62.560117,,,62.560117,N,-61.39425,,,-61.39425,W,568,568,NA,326,,
Gb_Can_S_17Q3_d_77,E10_2,2,PAA2013008141302,E10,Teleo02_F_76,agacctgg,Gb,17Q3,PAA2013008141302 17Q3,Davis Strait,DS-deep,62.0539,,,62.0539,N,-60.09182,,,-60.09182,W,1427,1427,NA,57.2,,
Gb_Can_S_23W6_d_78,F10_2,2,PAA2014007134305,F10,Teleo02_F_75,cggaagag,Gb,23W6,PAA2014007134305 23W6,Davis Strait,DS-deep,61.8989,,,61.8989,N,-60.1364,,,-60.1364,W,1440,1440,NA,206,,
Gb_Can_S_2B6_d_76,D10_2,2,PAA2013008141301,D10,Teleo02_F_77,tagcaagg,Gb,2B6,PAA2013008141301 2B6,Davis Strait,DS-deep,62.0539,,,62.0539,N,-60.09182,,,-60.09182,W,1427,1427,NA,127,,
Gb_Can_S_5E2_s_44,D06_1,1,PAA2014007136321,D06,Teleo02_F_45,aacggcgg,Gb,5.00E+02,PAA2014007136321 5E2,Davis Strait,DS-shallow,62.199233,,,62.199233,N,-61.2192,,,-61.2192,W,483,483,NA,104,,
Gb_Can_S_8H6_s_54,F07_1,1,PAA2014007143355,F07,Teleo02_F_51,tcgtgcag,Gb,8H6,PAA2014007143355 8H6,Davis Strait,DS-shallow,63.263817,,,63.263817,N,-60.355167,,,-60.355167,W,536,536,NA,178,,
Gb_FS_MPA_14N4_s_50,B07_1,1,S18_A02_2,B07,Teleo02_F_55,acgattag,Gb,14N4,S18_A02_2 14N4,Faroe Shetland Sponge Belt,Faroe-Shetland sponge belt,60.83583,,,60.83583,N,-3.03717,,,-3.03717,W,525,525,NA,234,,
Gb_FS_MPA_20T6_s_49,A07_1,1,S18_A02_1,A07,Teleo02_F_56,acaagact,Gb,20T6,S18_A02_1 20T6,Faroe Shetland Sponge Belt,Faroe-Shetland sponge belt,60.83583,,,60.83583,N,-3.03717,,,-3.03717,W,525,525,NA,370,,
Gb_FS_MPA_22V2_s_51,C07_1,1,S18_A02_3,C07,Teleo02_F_54,acggaacc,Gb,22V2,S18_A02_3 22V2,Faroe Shetland Sponge Belt,Faroe-Shetland,60.83583,,,60.83583,N,-3.03717,,,-3.03717,W,525,525,NA,106,,
Gb_RSB_MPA_13M4_d_74,B10_2,2,SP16A030027,B10,Teleo02_F_79,cgagccgg,Gb,13M4,SP16A030027 13M4,W Rosemary bank,Rosemary Bank,59.12883,,,59.12883,N,-10.80783,,,-10.80783,W,1304,1304,NA,418,,
Gb_RSB_MPA_13M5_d_72,H09_2,2,SP16A030017,H09,Teleo02_F_65,tctgtggc,Gb,13M5,SP16A030017 13M5,W Rosemary bank,Rosemary Bank,59.12883,,,59.12883,N,-10.80783,,,-10.80783,W,1304,1304,NA,354,,
Gb_RSB_MPA_18R4_d_73,A10_2,2,SP16A030022,A10,Teleo02_F_80,tgcggaga,Gb,18R4,SP16A030022 18R4,W Rosemary bank,Rosemary Bank,59.12883,,,59.12883,N,-10.80783,,,-10.80783,W,1304,1304,NA,566,,
Gb_Sva_20T5_s_25,A04_1_2,1,2016032 G. barr No2 RNA later (8) 2:3,A04,Teleo02_F_32,ccatgcgc,Gb,1A5,2016032 G. barr No2 RNA later (8) 2:3 1A5,Trondheimsfjorden,shallow,63.586117,,,63.586117,N,9.84555,,,9.84555,E,191,191,NA,518,,
Gb_Sva_7G6_s_26,B04_1_2,1,"PC507, ZMBN 89715",B04,Teleo02_F_31,aacaggag,Gb,20T5,"PC507, ZMBN 89715 20T5",Svalbard,"North of Svaldbard, shelf",80.538528,,,80.538528,N,15.361611,,,15.361611,E,215,215,NA,586,,
Gb_Sw_15O5_s_21,E03_1_2,2,270319_02,E03,Teleo02_F_20,agccatgt,Gb,15O5,270319_02 15O5,Sweden,Krugglöbranten,58.885,,,58.885,N,11.100667,,,11.100667,E,89.3,89.3,NA,248,,
Gg_OK_274_d_95,G12_2,2,Ggar_OK_Orphan Knoll _275,G12,Teleo02_F_90,ggactacc,Gg,,Ggar_OK_Orphan Knoll _275 ,Orphan Knoll,Orphan Knoll,50.04158,,,50.04158,N,-45.3794,,,-45.3794,W,1941-3550,2745.5,NA,TH,,
Gg_OK_275_d_96,H12_2,2,Ggar_OK_Orphan Knoll _275,H12,Teleo02_F_89,gtcggtat,Gg,,Ggar_OK_Orphan Knoll _275 ,Orphan Knoll,Orphan Knoll,50.04158,,,50.04158,N,-45.3794,,,-45.3794,W,1941-3550,2745.5,NA,TH,,
Gh_Can_M_Trip8_75.5_d_66,B09_2,2,Ghent_NAFO_PAA2016008_Trip8_75.5,B09,Teleo02_F_71,aacattat,Gh,,Ghent_NAFO_PAA2016008_Trip8_75.5 ,Arctic NAFO 0A_0B (close to Paamiut),Can_s,66.80795,,,66.80795,N,-58.667383,,,-58.667383,W,903,903,NA,,,Frozen tissue
Gh_Can_M_Trip8_75.7_d_67,C09_2,2,Ghent_NAFO_PAA2016008_Trip8_75.7,C09,Teleo02_F_70,gactatcc,Gh,,Ghent_NAFO_PAA2016008_Trip8_75.7 ,Arctic NAFO 0A_0B (close to Paamiut),Can_s,66.80795,,,66.80795,N,-58.667383,,,-58.667383,W,903,903,NA,,,Frozen tissue
Gh_Can_M_Trip8_75.8_d_68,D09_2,2,Ghent_NAFO_PAA2016008_Trip8_75.8,D09,Teleo02_F_69,ttgctatt,Gh,,Ghent_NAFO_PAA2016008_Trip8_75.8 ,Arctic NAFO 0A_0B (close to Paamiut),Can_s,66.80795,,,66.80795,N,-58.667383,,,-58.667383,W,903,903,NA,,,Frozen tissue
Gh_Ice_A11_641_B_s_25,A04_1_2,2,Ghent_Ice_A11_2016_641_B,A04,Teleo02_F_32,ccatgcgc,Gh,,Ghent_Ice_A11_2016_641_B ,Iceland,Ice_s,"66° 38' 33"" N",66,38.33,66.63883333,N,"12° 45' 35"" W",12,45.35,-12.75583333,W,313-304,308.5,NA,TH,,
Gh_Ice_ME85_3_1123_2_C_d_59,C08_1,2,Ghent_Ice_ME85_3_1123_2_C,C08,Teleo02_F_62,caatagga,Gh,,Ghent_Ice_ME85_3_1123_2_C ,Iceland,Ice_d,"67° 12,84' N",67,12.84,67.214,N,"26° 11,95' W",26,11.95,-26.19916667,W,720.7-726.7,723.35,NA,TH,,
Gh_Ice_ME85_3_1123_B_d_60,D08_1,2,Ghent_Ice_ME85_3_1123_B,D08,Teleo02_F_61,accggtta,Gh,,Ghent_Ice_ME85_3_1123_B ,Iceland,Ice_d,"67° 12,84' N",67,12.84,67.214,N,"26° 11,95' W",26,11.95,-26.19916667,W,720.7-726.7,723.35,NA,TH,,
Gh_Ice_ME85_3_1132_A_s_32,H04_1_2,1,Ghent_Ice_ME85_3_1132_A,H04,Teleo02_F_25,cacagatt,Gh,,Ghent_Ice_ME85_3_1132_A ,Iceland,Ice_s,"67° 38,39' N",67,38.39,67.63983333,N,"26° 45,46' W",26,45.46,-26.75766667,W,316.6-316.8,316.7,NA,TH,,
Gh_JMR_SM_AGT03_26_d_93,E12_2,2,Ghent_JMRSS_GS20214_AGT03_26,E12,Teleo02_F_92,aagaagga,Gh,,Ghent_JMRSS_GS20214_AGT03_26 ,Between Jan Mayen_Schultz Massif (Mohn),Between Jan Mayen-Schultz Massif (Mohn),71° 18.20N,71,18.2,71.30333333,N,05° 17.24W,5,17.24,-5.287333333,W,1863-1834,1848.5,NA,79.4,,
Gh_JMR_SM_AGT03_27_d_94,F12_2,2,Ghent_JMRSS_GS20214_AGT03_27,F12,Teleo02_F_91,caggacca,Gh,,Ghent_JMRSS_GS20214_AGT03_27 ,Between Jan Mayen_Schultz Massif (Mohn),Between Jan Mayen-Schultz Massif (Mohn),71° 18.20N,71,18.2,71.30333333,N,05° 17.24W,5,17.24,-5.287333333,W,1863-1834,1848.5,NA,84.6,,
Gh_KS_197.1_s_57,A08_1,1,Ghent_KS_PS101_197.1,A08,Teleo02_F_64,aagttaat,Gh,,Ghent_KS_PS101_197.1 ,Karassik Seamount,Karassik Seamount,86° 51.37' N,86,51.37,86.85616667,N,061° 34.72' E,61,34.72,61.57866667,E,648,648,NA,12.5,,
Gh_KS_200.5_s_58,B08_1,1,Ghent_KS_PS101_200.5,B08,Teleo02_F_63,ggataaga,Gh,,Ghent_KS_PS101_200.5 ,Karassik Seamount,Karassik Seamount,86° 51.49' N,86,51.49,86.85816667,N,061° 35.76' E,61,35.76,61.596,E,684,684,NA,18,,
Gh_Vst_011TVG_004B_d_92,D12_2,2,Ghent_Vst_MSM86_011TVG_004B,D12,Teleo02_F_93,cgcgcgaa,Gh,,Ghent_Vst_MSM86_011TVG_004B ,Vesterisbanken,Vesterisbanken_d,73.614061,,,73.614061,N,-9.035181,,,-9.035181,W,1791-1777,1784,714.3,,,
Gh_Vst_019TVG_003B_d_90,B12_2,2,Ghent_Vst_MSM86_019TVG_003B,B12,Teleo02_F_95,attcttac,Gh,,Ghent_Vst_MSM86_019TVG_003B ,Vesterisbanken,Vesterisbanken_d,73.488948,,,73.488948,N,-8.968776,,,-8.968776,W,1612-1591,1601.5,1503,,,
Gh_Vst_019TVG_010B_d_91,C12_2,2,Ghent_Vst_MSM86_019TVG_010B,C12,Teleo02_F_94,gatacgct,Gh,,Ghent_Vst_MSM86_019TVG_010B ,Vesterisbanken,Vesterisbanken_d,73.614061,,,73.614061,N,-9.035181,,,-9.035181,W,1791-1777,1784,455.1,,,
Gh_Vst_045TVG_005B_i_61,E08_1,2,Ghent_Vst_MSM86_045TVG_005B,E08,Teleo02_F_60,accactgc,Gh,,Ghent_Vst_MSM86_045TVG_005B ,Vesterisbanken,Vesterisbanken_i,72.373805,,,72.373805,N,-11.653801,,,-11.653801,W,740-704,704,2252,,,
Gh_Vst_045TVG_011B_i_62,F08_1,1,Ghent_Vst_MSM86_045TVG_011B,F08,Teleo02_F_59,gagcacct,Gh,,Ghent_Vst_MSM86_045TVG_011B ,Vesterisbanken,Vesterisbanken_i,72.373805,,,72.373805,N,-11.653801,,,-11.653801,W,740-704,704,3210,,,
Gh_Vst_045TVG_012B_i_64,H08_1,2,Ghent_Vst_MSM86_045TVG_012B,H08,Teleo02_F_57,gcactgga,Gh,,Ghent_Vst_MSM86_045TVG_012B ,Vesterisbanken,Vesterisbanken_i,72.373805,,,72.373805,N,-11.653801,,,-11.653801,W,740-704,704,1979,,,
NEGATIVE_18,B03_2,2,,,,,,,,,,,,,,,,,,,,,,,,,
NEGATIVE_34,B05_1,1,,,,,,,,,,,,,,,,,,,,,,,,,
NEGATIVE_63,G08_1,1,,,,,,,,,,,,,,,,,,,,,,,,,
NEGATIVE_65,A09_2,2,,,,,,,,,,,,,,,,,,,,,,,,,
POSITIVE_07,G01_1,1,,,,,,,,,,,,,,,,,,,,,,,,,
POSITIVE_24,H03_1_2,1,,,,,,,,,,,,,,,,,,,,,,,,,
POSITIVE_32,H04_1_2,2,,,,,,,,,,,,,,,,,,,,,,,,,
POSITIVE_48,H06_1,1,,,,,,,,,,,,,,,,,,,,,,,,,
POSITIVE_80,H10_2,2,,,,,,,,,,,,,,,,,,,,,,,,,
Pv_FS_MPA_01601_s_52,D07_1,2,FS_S18_A02_01601,D07,Teleo02_F_53,aacagctc,Pv,,FS_S18_A02_01601 ,Faroe Shetland Sponge Belt,Faroe-Shetland Sponge Belt,60.83583333,,,60.83583333,N,-3.037166667,,,-3.037166667,W,525,525,185.7,,Faroe-Shetland Sponge Belt MPA,
Pv_FS_MPA_01602_s_26,B04_1_2,2,FS_S18_A02_01602,B04,Teleo02_F_31,aacaggag,Pv,,FS_S18_A02_01602 ,Faroe Shetland Sponge Belt,Faroe-Shetland Sponge Belt,60.83583333,,,60.83583333,N,-3.037166667,,,-3.037166667,W,525,525,231.3,,Faroe-Shetland Sponge Belt MPA,
Pv_FS_MPA_01603_s_53,E07_1,2,FS_S18_A02_01602,E07,Teleo02_F_52,aactgcat,Pv,,FS_S18_A02_01602 ,Faroe Shetland Sponge Belt,Faroe-Shetland Sponge Belt,60.83583333,,,60.83583333,N,-3.037166667,,,-3.037166667,W,525,525,231.3,,Faroe-Shetland Sponge Belt MPA,
Pv_NoS_11452_s_08,H01_1,1,NoS_S19031_11452,H01,Teleo02_F_01,aatatcgc,Pv,,NoS_S19031_11452 ,North of Shetland,North of Shetland,60.454,,,60.454,N,0.538,,,0.538,E,130-132,131,178.8,,,
Pv_NoS_11456_s_22,F03_2,2,NoS_S19034_11456,F03,Teleo02_F_19,gtcgaatg,Pv,,NoS_S19034_11456 ,North of Shetland,North of Shetland,61.116,,,61.116,N,0.175,,,0.175,E,155,155,135.6,,,
Pv_NoS_Notag_s_09,A02_1,1,NoS_S19034_11456,A02,Teleo02_F_16,tagactat,Pv,,NoS_S19034_11456 ,North of Shetland,North of Shetland,61.116,,,61.116,N,0.175,,,0.175,E,155,155,135.6,,,
Pv_NwK_ST5_38_s_29,E04_1,1,NwK_ST5_38,E04,Teleo02_F_28,aagtgatg,Pv,,NwK_ST5_38 ,Norway_Korsfjorden,Korsfjorden,59º 48.8155' N,59,48.8155,59.81359167,N,5º 36.2325´ E,5,36.2325,5.603875,E,226–292,259,167.6,,,
Pv_NwK_ST5_39_s_30,F04_1,1,NwK_ST5_39,F04,Teleo02_F_27,aggcgctt,Pv,,NwK_ST5_39 ,Norway_Korsfjorden,Korsfjorden,59º 48.8155' N,59,48.8155,59.81359167,N,5º 36.2325´ E,5,36.2325,5.603875,E,226–292,259,134.4,,,
Pv_RB_11218_s_13,E02_1,1,RB_S18_362_11218,E02,Teleo02_F_12,taagcgtg,Pv,,RB_S18_362_11218 ,Rockall Bank,,57.52475,,,57.52475,N,-13.4195,,,-13.4195,W,168-179,173.5,252.9,,Not located inside boundaries of any protected area,
Pv_RB_11221_s_23,G03_2,2,RB_S18_362_11221,G03,Teleo02_F_18,cgtaagtc,Pv,,RB_S18_362_11221 ,Rockall Bank,,57.52475,,,57.52475,N,-13.4195,,,-13.4195,W,168-179,173.5,241.5,,Not located inside boundaries of any protected area,
Pv_RB_1418_s_15,G02_1,1,RB_0818H025_01418,G02,Teleo02_F_10,caccactt,Pv,,RB_0818H025_01418 ,Rockall Bank,Rockall Bank,57.1705,,,57.1705,N,-13.638,,,-13.638,W,185-189,187,387,,Not located inside boundaries of any protected area,
Pv_RB_1420_s_16,H02_1_2,1,RB_0818H025_01420,H02,Teleo02_F_08,agatggtc,Pv,,RB_0818H025_01420 ,Rockall Bank,Rockall Bank,57.1705,,,57.1705,N,-13.638,,,-13.638,W,185-189,187,384,,Not located inside boundaries of any protected area,
Pv_RB_MPA_11417_s_20,D03_1_2,1,RB_S18_353_11417,D03,Teleo02_F_21,gtggtacc,Pv,,RB_S18_353_11417 ,Rockall Bank,Rockall Bank,56.7755,,,56.7755,N,-14.46808333,,,-14.46808333,W,189-190,189.5,145.5,,Rockall Haddock Box,
Pv_RB_MPA_11419_s_21,E03_1_2,1,RB_S18_353_11419,E03,Teleo02_F_19,agccatgt,Pv,,RB_S18_353_11419 ,Rockall Bank,Rockall Bank,56.7755,,,56.7755,N,-14.46808333,,,-14.46808333,W,189-190,189.5,196.7,,Rockall Haddock Box,
Pv_RB_MPA_1865_s_24,H03_1_2,2,RB_0818H015_01865,H03,Teleo02_F_17,acagttga,Pv,,RB_0818H015_01865 ,Rockall Bank,Rockall Bank,56.905,,,56.905,N,-14.741,,,-14.741,W,185-187,186,314.4,,Rockall Haddock Box,
Pv_RB_MPA_1866_s_14,F02_1,1,RB_0818H015_01866,F02,Teleo02_F_11,caatgact,Pv,,RB_0818H015_01866 ,Rockall Bank,Rockall Bank,56.905,,,56.905,N,-14.741,,,-14.741,W,185-187,186,492.6,,Rockall Haddock Box,
Pv_SMK_ROV25_12_s_33,A05_1,1,SM_ROV25_12,A05,Teleo02_F_40,aataactt,Pv,,SM_ROV25_12 ,TromsÃ¸flaket,"Tromsøflaket, Norway",71.39517254,,,71.39517254,N,16.81598823,,,16.81598823,E,330,330,161.7,,,
Pv_SMK_ROV25_13_s_35,C05_1,1,SM_ROV25_12,C05,Teleo02_F_38,cggtctca,Pv,,SM_ROV25_12 ,TromsÃ¸flaket,"Tromsøflaket, Norway",71.39517254,,,71.39517254,N,16.81598823,,,16.81598823,E,330,330,161.7,,,
Pv_SMK_ROV25_14_s_36,D05_1,1,SM_ROV25_13,D05,Teleo02_F_37,tatgttat,Pv,,SM_ROV25_13 ,TromsÃ¸flaket,"Tromsøflaket, Norway",71.39517254,,,71.39517254,N,16.81598823,,,16.81598823,E,330,330,100.2,,,
Pv_SRT_046_26_s_11,C02_1,1,SRT_2016_046_26,C02,Teleo02_F_14,tacatgaa,Pv,,SRT_2016_046_26 ,Sula Reef_Trondheimsfjorden,"Trondheimsfjorden, Norway",63.65221667,,,63.65221667,N,9.75883333,,,9.75883333,E,158–248,203,127,,,
Pv_SRT_046_49_s_12,D02_1,1,SRT_2016_046_49,D02,Teleo02_F_13,tctcgcta,Pv,,SRT_2016_046_49 ,Sula Reef_Trondheimsfjorden,"Trondheimsfjorden, Norway",63.65221667,,,63.65221667,N,9.75883333,,,9.75883333,E,158–248,203,152.9,,,
Pv_SSNd_H044_01642_s_45,E06_1,1,SSNd_0818H044_01642,E06,Teleo02_F_44,aagcaatt,Pv,,SSNd_0818H044_01642 ,Shetland Shelf North_Deep Wyville,Shetland Shelf,60.106,,,60.106,N,-4.808,,,-4.808,W,485-507,496,340.6,,Not located inside boundaries of any protected area,
Pv_SSNd_H044_01643_s_46,F06_1,1,SSNd_0818H044_01642,F06,Teleo02_F_43,gtctccaa,Pv,,SSNd_0818H044_01642 ,Shetland Shelf North_Deep Wyville,Shetland Shelf,60.106,,,60.106,N,-4.808,,,-4.808,W,485-507,496,340.6,,Not located inside boundaries of any protected area,
Pv_SSNd_H044_01645_s_47,G06_1,1,SSNd_0818H044_01645,G06,Teleo02_F_42,tcgcttat,Pv,,SSNd_0818H044_01645 ,Shetland Shelf North_Deep Wyville,Shetland Shelf,60.106,,,60.106,N,-4.808,,,-4.808,W,485-507,496,424.8,,Not located inside boundaries of any protected area,
Pv_Sw_11_s_05,E01_1,1,Sweden_11,E01,Teleo02_F_04,gttatatg,Pv,,Sweden_11 ,Sweden,Krugglöbranten,58°53.045'N,58,53.45,58.89083333,N,11°5.701'E,11,5.701,11.09501667,E,89-91,90,206.1,,,
Pv_Sw_9_s_04,D01_1,1,Sweden_09,D01,Teleo02_F_05,ggtagagc,Pv,,Sweden_09 ,Sweden,Krugglöbranten,58°53.045'N,58,53.45,58.89083333,N,11°5.701'E,11,5.701,11.09501667,E,89-91,90,287.3,,,
